timestamp,screen_index,image_name,choice,left_model_key,right_model_key,left_is_correct,right_is_correct,followup_enqueued,followup_left_model_key,followup_right_model_key,leader_key_after,leader_prob_after,left_inference_ms,right_inference_ms
2026-02-20T15:22:41.158024,1,641831512.jpg,both_correct,rfdetr-nano,rtdetr-l,1,1,,,,yolov10x,0.040100,771.491,2152.677
2026-02-20T15:22:43.457062,2,641860608.jpg,both_correct,yolov10x,yolo26n,1,1,,,,yolo11n,0.039950,4075.606,553.150
2026-02-20T15:22:45.406774,3,641840318.jpeg,right,dino15-proxy,yolov10n,0,1,yes,yolov10x,yolov10n,yolov10n,0.072450,0.000,516.070
2026-02-20T15:22:46.683199,4,641923763.jpeg,both_correct,rfdetr-2xlarge,yolo26s,1,1,,,,yolov10n,0.072650,2460.513,694.722
2026-02-20T15:22:49.481236,5,641872597.jpg,both_correct,yolov10m,yolo26x,1,1,,,,yolov10n,0.071850,945.080,2443.066
2026-02-20T15:22:50.983744,6,641854549.jpg,both_correct,yolo11m,yolov10m,1,1,,,,yolov10n,0.072500,898.686,877.693
2026-02-20T15:22:52.833690,7,641923741.jpg,left,yolo26n,yolo11x,1,0,yes,yolo26n,yolov10n,yolov10n,0.076450,310.981,3968.424
2026-02-20T15:22:54.539840,8,641840318.jpeg,both_correct,yolov10x,yolov10n,1,1,,,,yolov10n,0.075250,1871.701,345.675
2026-02-20T15:23:02.031479,9,641923764.jpeg,both_correct,rtdetr-x,rtdetrv3-r50,1,1,,,,yolov10n,0.073150,5190.893,2953.473
2026-02-20T15:23:06.520666,10,641866087.jpeg,right,yolov10s,rtdetrv2-l,0,1,yes,rtdetrv2-l,yolo11n,rtdetrv2-l,0.075650,1033.077,2569.298
2026-02-20T15:23:13.058558,11,641843099.jpg,left,rfdetr-2xlarge,rtdetrv3-r50,1,0,yes,rfdetr-2xlarge,yolo11s,yolo26n,0.075950,1314.097,1762.069
2026-02-20T15:23:14.382259,12,641923741.jpg,both_correct,yolo26n,yolov10n,1,1,,,,rtdetrv2-l,0.074750,276.717,173.404
2026-02-20T15:23:16.831803,13,641899010.jpg,both_correct,rfdetr-2xlarge,yolov10x,1,1,,,,yolo26n,0.075050,1192.676,1025.542
2026-02-20T15:23:18.548329,14,641848279.jpg,both_correct,rtdetr-x,rfdetr-medium,1,1,,,,yolov10n,0.074050,3338.746,2340.773
2026-02-20T15:23:19.982772,15,641866087.jpeg,left,rtdetrv2-l,yolo11n,1,0,depth_limit,,,rtdetrv2-l,0.110550,1712.044,384.030
2026-02-20T15:23:24.051963,16,641843099.jpg,left,rfdetr-2xlarge,yolo11s,1,0,depth_limit,,,rfdetr-2xlarge,0.109500,574.989,501.999
2026-02-20T15:23:27.420884,17,641915319.jpg,left,yolo11s,rtdetr-x,1,0,yes,yolo26l,yolo11s,rfdetr-2xlarge,0.111050,318.419,2777.025
2026-02-20T15:23:28.784221,18,641858667.jpeg,both_correct,yolo26s,rtdetrv3-r50,1,1,,,,rtdetrv2-l,0.113600,656.256,2119.106
2026-02-20T15:23:29.654560,19,641916734.jpg,both_correct,yolo11l,yolo11n,1,1,,,,rtdetrv2-l,0.112250,2657.547,201.252
2026-02-20T15:23:32.571763,20,641857217.jpeg,right,yolo26n,yolo26m,0,1,yes,rtdetrv2-x,yolo26m,rfdetr-2xlarge,0.116650,168.567,1677.389
2026-02-20T15:23:34.988686,21,641900747.jpg,both_correct,yolo11m,rtdetrv3-r18,1,1,,,,rfdetr-2xlarge,0.117950,1370.631,2205.825
2026-02-20T15:23:42.804127,22,641915319.jpg,both_correct,yolo26l,yolo11s,1,1,,,,rfdetr-2xlarge,0.120500,1492.569,355.203
2026-02-20T15:23:44.427222,23,641856203.jpeg,both_correct,yolov10m,yolo26x,1,1,,,,rfdetr-2xlarge,0.121250,1158.739,4763.583
2026-02-20T15:23:51.517677,24,641833016.jpg,both_correct,yolov10x,yolov10n,1,1,,,,rtdetrv2-l,0.118050,1295.701,253.905
2026-02-20T15:23:53.887513,25,641857217.jpeg,right,rtdetrv2-x,yolo26m,0,1,depth_limit,,,rfdetr-2xlarge,0.118450,5609.715,786.672
2026-02-20T15:23:58.092488,26,641878256.jpg,left,yolo26s,rtdetrv3-r101,1,0,yes,yolo26s,yolov10m,rfdetr-2xlarge,0.117900,322.907,6570.641
2026-02-20T15:24:01.034183,27,641923768.jpeg,both_correct,yolo26x,yolo11m,1,1,,,,rtdetrv2-l,0.118500,2932.362,892.676
2026-02-20T15:24:02.465844,28,641894974.jpeg,both_correct,yolo26s,rfdetr-small,1,1,,,,rfdetr-2xlarge,0.120200,323.211,529.763
2026-02-20T15:24:10.109901,29,641895784.jpeg,both_correct,rtdetrv2-x,yolo11x,1,1,,,,rfdetr-2xlarge,0.115950,3304.718,5041.835
2026-02-20T15:24:17.395678,30,641854543.jpg,both_correct,yolo26x,rfdetr-2xlarge,1,1,,,,yolo26m,0.118300,1401.626,5720.437
2026-02-20T15:24:18.902485,31,641878256.jpg,both_correct,yolo26s,yolov10m,1,1,,,,rtdetrv2-l,0.119900,466.595,499.843
2026-02-20T15:24:23.334643,32,641880546.jpg,right,dino15-proxy,yolov10m,0,1,yes,rtdetr-x,yolov10m,yolo26m,0.116650,0.000,743.929
2026-02-20T15:24:26.764356,33,641878269.jpg,left,rfdetr-small,yolo26l,1,0,yes,yolo26s,rfdetr-small,rfdetr-2xlarge,0.117600,829.416,2507.968
2026-02-20T15:24:29.786745,34,641883738.jpg,both_correct,yolo26s,yolo26n,1,1,,,,rfdetr-2xlarge,0.113050,482.150,235.739
2026-02-20T15:24:36.367145,35,641855267.jpeg,both_wrong,yolov10n,yolo11x,0,0,,,,rtdetrv2-l,0.113100,274.108,1251.376
2026-02-20T15:24:38.038473,36,641831638.jpg,both_correct,yolo26x,yolo26l,1,1,,,,rtdetrv2-l,0.112350,1881.816,1020.108
2026-02-20T15:24:39.416954,37,641880546.jpg,right,rtdetr-x,yolov10m,0,1,depth_limit,,,rfdetr-2xlarge,0.108400,5043.661,1454.050
2026-02-20T15:24:40.936222,38,641878269.jpg,right,yolo26s,rfdetr-small,0,1,depth_limit,,,yolov10m,0.112500,409.899,405.223
2026-02-20T15:24:51.747325,39,641893704.jpg,left,yolo11l,yolo11n,1,0,yes,yolo11l,yolo11m,yolo26m,0.109200,3165.910,355.232
2026-02-20T15:24:53.988532,40,641876287.jpg,both_wrong,yolo11l,dino15-proxy,0,0,,,,yolo26m,0.110850,759.044,0.000
2026-02-20T15:24:55.344066,41,641860842.jpg,both_correct,rtdetrv3-r18,rtdetrv3-r101,1,1,,,,yolov10m,0.109300,2722.457,4936.341
2026-02-20T15:25:02.679289,42,641854545.jpg,both_correct,rtdetrv2-l,yolov10x,1,1,,,,rtdetrv2-l,0.112100,3729.430,4206.126
2026-02-20T15:25:06.871057,43,641859715.jpg,both_wrong,yolo26m,yolo26x,0,0,,,,rfdetr-small,0.112550,1331.028,3034.061
2026-02-20T15:25:15.614260,44,641893704.jpg,both_correct,yolo11l,yolo11m,1,1,,,,rfdetr-small,0.108750,3737.011,1261.850
2026-02-20T15:25:20.448794,45,641876557.jpg,both_correct,rfdetr-medium,yolo11s,1,1,,,,yolov10m,0.108650,2346.597,708.218
2026-02-20T15:25:21.882462,46,641858666.jpeg,both_correct,rfdetr-nano,yolov10s,1,1,,,,rfdetr-2xlarge,0.113600,717.789,641.568
2026-02-20T15:25:23.349928,47,641860022.jpeg,both_correct,yolo11s,yolov10x,1,1,,,,rfdetr-2xlarge,0.110900,285.115,1763.164
2026-02-20T15:25:24.445515,48,641876288.jpg,both_wrong,yolo26x,rfdetr-medium,0,0,,,,rfdetr-small,0.111450,1016.239,161.671
2026-02-20T15:25:32.818010,49,641869094.jpeg,left,yolo11m,rtdetrv2-x,1,0,yes,yolo11m,yolov10l,yolo26m,0.106700,534.605,10145.116
2026-02-20T15:25:40.247164,50,641881753.jpeg,right,yolov10s,yolo11n,0,1,yes,yolo11n,yolov10n,yolov10m,0.107400,1159.435,642.017
2026-02-20T15:25:44.445983,51,641878202.jpg,right,rtdetr-l,yolov10s,0,1,yes,rfdetr-nano,yolov10s,rfdetr-2xlarge,0.110000,2724.314,852.624
2026-02-20T15:25:47.539907,52,641883946.jpg,right,dino15-proxy,yolo26x,0,1,yes,yolo26n,yolo26x,rfdetr-2xlarge,0.107100,0.000,1948.437
2026-02-20T15:25:49.086065,53,641864582.jpeg,both_correct,yolov10s,yolov10n,1,1,,,,yolo26m,0.108700,540.912,665.527
2026-02-20T15:25:55.509629,54,641869094.jpeg,both_correct,yolo11m,yolov10l,1,1,,,,rfdetr-2xlarge,0.104300,620.373,4608.256
2026-02-20T15:26:03.787187,55,641881753.jpeg,both_correct,yolo11n,yolov10n,1,1,,,,rfdetr-2xlarge,0.104900,261.064,533.958
2026-02-20T15:26:05.364756,56,641878202.jpg,both_correct,rfdetr-nano,yolov10s,1,1,,,,rtdetrv2-l,0.107500,587.445,415.627
2026-02-20T15:26:06.852690,57,641883946.jpg,both_correct,yolo26n,yolo26x,1,1,,,,yolo26m,0.105100,499.326,1503.852
2026-02-20T15:26:10.161416,58,641895786.jpeg,both_correct,yolov10n,rtdetr-l,1,1,,,,rfdetr-small,0.107050,224.107,1891.874
2026-02-20T15:26:14.796652,59,641882108.jpg,both_correct,rtdetrv3-r50,rtdetrv2-l,1,1,,,,yolo26m,0.106750,2449.803,2427.307
2026-02-20T15:26:15.799711,60,641895166.jpg,both_correct,rfdetr-medium,yolo26x,1,1,,,,rtdetrv2-l,0.107100,1078.443,1852.525
2026-02-20T15:26:16.832689,61,641866439.jpeg,both_correct,yolov10l,rfdetr-2xlarge,1,1,,,,yolo26m,0.108050,1250.989,3032.017
2026-02-20T15:26:19.789832,62,641876569.jpg,both_correct,yolov10m,rtdetr-l,1,1,,,,rfdetr-2xlarge,0.105950,5335.076,2023.678
2026-02-20T15:26:21.220179,63,641831510.jpg,right,yolov10s,rfdetr-nano,0,1,yes,yolo11l,rfdetr-nano,rtdetrv2-l,0.102100,389.180,226.409
2026-02-20T15:26:26.305008,64,641923761.jpeg,right,yolo26x,rtdetrv3-r18,0,1,yes,rtdetrv3-r18,rfdetr-medium,yolo26m,0.105250,1820.596,3684.805
2026-02-20T15:26:35.209247,65,641848584.jpg,both_wrong,rtdetrv2-x,rfdetr-nano,0,0,,,,rfdetr-small,0.105100,7463.911,239.477
2026-02-20T15:26:36.863636,66,641885782.jpeg,right,yolo26n,yolo26s,0,1,yes,rtdetrv2-l,yolo26s,rtdetrv2-l,0.106150,169.269,1209.127
2026-02-20T15:26:39.816318,67,641874830.jpg,left,rfdetr-nano,yolov10x,1,0,yes,yolov10m,rfdetr-nano,yolo26m,0.107050,347.533,3427.384
2026-02-20T15:26:41.375025,68,641831510.jpg,both_correct,yolo11l,rfdetr-nano,1,1,,,,rfdetr-nano,0.105900,1500.786,590.000
2026-02-20T15:26:44.490447,69,641923761.jpeg,left,rtdetrv3-r18,rfdetr-medium,1,0,depth_limit,,,yolov10m,0.105350,1774.890,1521.674
2026-02-20T15:26:49.602444,70,641923762.jpeg,both_correct,yolo11l,yolov10s,1,1,,,,rfdetr-small,0.106450,889.031,443.434
2026-02-20T15:26:50.894841,71,641885782.jpeg,both_correct,rtdetrv2-l,yolo26s,1,1,,,,rtdetrv3-r18,0.106700,2822.682,402.931
2026-02-20T15:26:52.849001,72,641874830.jpg,both_correct,yolov10m,rfdetr-nano,1,1,,,,yolov10m,0.107100,844.697,198.773
2026-02-20T15:27:01.664974,73,641895894.jpg,both_correct,yolo26l,rfdetr-medium,1,1,,,,rtdetrv3-r18,0.104950,1367.730,509.965
2026-02-20T15:27:04.729125,74,641895787.jpeg,both_correct,rtdetrv3-r18,rtdetrv3-r50,1,1,,,,rfdetr-nano,0.105600,2392.902,3824.108
2026-02-20T15:27:06.027760,75,641874829.jpg,both_correct,yolov10l,yolov10n,1,1,,,,yolov10m,0.103850,1842.713,301.625
2026-02-20T15:27:09.953290,76,641855268.jpeg,both_wrong,yolo26x,yolo11m,0,0,,,,rfdetr-nano,0.105450,1590.833,1304.667
2026-02-20T15:27:11.660475,77,641895893.jpg,both_correct,yolov10l,rfdetr-medium,1,1,,,,rfdetr-nano,0.105500,872.316,720.060
2026-02-20T15:27:12.937465,78,641857216.jpeg,both_correct,yolo11s,yolo11l,1,1,,,,rfdetr-nano,0.105000,1834.387,941.866
2026-02-20T15:27:14.289703,79,641879143.jpg,both_correct,rfdetr-small,yolov10x,1,1,,,,yolo26m,0.107250,1349.805,1765.993
2026-02-20T15:29:34.682185,80,641834454.jpg,right,rtdetr-x,yolov10m,0,1,yes,rfdetr-2xlarge,yolov10m,yolov10m,0.130900,11069.515,3138.530
2026-02-20T15:29:41.887054,81,641876062.jpg,both_correct,yolov10x,yolov10l,1,1,,,,yolov10m,0.134950,1984.026,1353.068
2026-02-20T15:29:43.945659,82,641848646.jpg,both_correct,yolov10x,rfdetr-medium,1,1,,,,yolov10m,0.129400,1702.927,637.584
2026-02-20T15:29:51.176430,83,641843148.jpg,right,dino15-proxy,yolov10x,0,1,yes,yolov10x,yolo11l,yolov10m,0.133200,0.000,1226.047
2026-02-20T15:29:54.762743,84,641915263.jpg,both_correct,yolo26m,yolo26x,1,1,,,,yolov10m,0.131550,4092.514,5531.036
2026-02-20T15:29:56.275212,85,641834454.jpg,both_correct,rfdetr-2xlarge,yolov10m,1,1,,,,yolov10m,0.130300,2948.396,1333.220
2026-02-20T15:29:57.836266,86,641886992.jpeg,right,rtdetrv3-r101,yolov10l,0,1,yes,yolo11x,yolov10l,yolov10m,0.134400,4309.659,1550.760
2026-02-20T15:30:00.286650,87,641869962.jpg,right,yolo26s,yolo26m,0,1,yes,yolo26m,yolo26l,yolov10m,0.126800,564.071,1249.358
2026-02-20T15:30:07.539375,88,641843148.jpg,both_correct,yolov10x,yolo11l,1,1,,,,yolo26m,0.127750,3050.970,1434.566
2026-02-20T15:30:09.070952,89,641860609.jpg,right,yolo26s,yolo11m,0,1,yes,yolo11n,yolo11m,yolov10m,0.126000,191.371,940.977
2026-02-20T15:30:14.218849,90,641867712.jpg,both_wrong,rtdetrv3-r101,rtdetrv2-l,0,0,,,,yolov10m,0.125900,2203.597,2493.963
2026-02-20T15:30:15.309966,91,641886992.jpeg,both_correct,yolo11x,yolov10l,1,1,,,,yolov10m,0.127950,2131.344,736.568
2026-02-20T15:30:16.770156,92,641869962.jpg,both_correct,yolo26m,yolo26l,1,1,,,,yolo26m,0.119700,493.695,1612.853
2026-02-20T15:30:19.699374,93,641876069.jpg,left,yolo26s,yolo11x,1,0,yes,yolo26s,yolo11m,yolov10m,0.121500,349.835,1027.643
2026-02-20T15:30:20.909235,94,641860609.jpg,both_correct,yolo11n,yolo11m,1,1,,,,yolo26m,0.123450,230.358,429.521
2026-02-20T15:30:22.024984,95,641883495.jpg,both_correct,yolo11n,yolov10l,1,1,,,,yolo26m,0.121400,135.745,918.803
2026-02-20T15:30:23.179488,96,641895206.jpg,both_correct,rtdetrv2-l,yolov10l,1,1,,,,yolo26m,0.123900,1109.378,601.058
2026-02-20T15:30:24.452588,97,641858668.jpeg,right,yolo26s,yolo26m,0,1,yes,rtdetrv3-r18,yolo26m,yolo26m,0.145650,309.173,506.096
2026-02-20T15:30:25.730061,98,641876069.jpg,both_correct,yolo26s,yolo11m,1,1,,,,yolo26m,0.147900,293.763,428.151
2026-02-20T15:30:27.400588,99,641869087.jpeg,both_correct,yolov10m,rtdetrv2-x,1,1,,,,yolo26m,0.147700,542.469,4934.650
2026-02-20T15:30:32.182520,100,641877803.jpg,both_correct,yolo26l,rfdetr-small,1,1,,,,yolo26m,0.153000,704.536,592.689
2026-02-20T15:30:35.128877,101,641876231.jpg,both_correct,yolo11m,yolov10m,1,1,,,,yolo26m,0.142450,394.453,420.937
2026-02-20T15:30:36.316524,102,641858668.jpeg,both_correct,rtdetrv3-r18,yolo26m,1,1,,,,yolo26m,0.148650,2434.329,766.417
2026-02-20T15:30:41.265214,103,641910394.jpeg,both_correct,yolo26n,rtdetrv2-l,1,1,,,,yolo26m,0.152200,221.972,1150.464
2026-02-20T15:30:42.362755,104,641893515.jpg,both_correct,rfdetr-nano,yolo11m,1,1,,,,yolo26m,0.147850,298.502,511.822
2026-02-20T15:30:43.684001,105,641854546.jpg,both_correct,yolo26m,rtdetrv3-r18,1,1,,,,yolo26m,0.149350,451.089,1219.638
2026-02-20T15:30:45.803428,106,641848626.jpg,both_wrong,rfdetr-medium,rtdetrv2-l,0,0,,,,yolo26m,0.148600,1152.655,1283.301
2026-02-20T15:30:46.907468,107,641883740.jpg,both_correct,yolo26s,rtdetrv2-l,1,1,,,,yolo26m,0.149300,179.202,977.512
2026-02-20T15:30:47.903845,108,641900799.jpeg,both_correct,yolo26m,yolov10s,1,1,,,,yolo26m,0.148100,534.782,438.175
2026-02-20T15:30:48.752685,109,641914472.jpg,both_correct,rtdetr-l,yolov10x,1,1,,,,yolo26m,0.153350,2087.493,1666.367
2026-02-20T15:30:49.566664,110,641860607.jpg,both_correct,yolov10l,yolov10n,1,1,,,,yolo26m,0.150600,572.018,178.786
2026-02-20T15:30:50.646472,111,641869840.jpg,both_correct,yolov10m,rfdetr-small,1,1,,,,yolo26m,0.143700,659.899,257.997
2026-02-20T15:30:51.995300,112,641878288.jpg,both_correct,yolov10s,yolo26m,1,1,,,,yolo26m,0.149300,216.490,284.422
2026-02-20T15:30:52.728508,113,641899008.jpg,both_correct,rfdetr-medium,rtdetr-l,1,1,,,,yolo26m,0.152150,352.132,1113.682
2026-02-20T15:30:53.781588,114,641865882.jpg,both_correct,yolo11n,yolov10n,1,1,,,,yolo26m,0.144350,178.236,196.631
2026-02-20T15:30:55.120446,115,641854540.jpg,both_correct,yolo26s,rfdetr-2xlarge,1,1,,,,yolo26m,0.148350,369.490,3120.300
2026-02-20T15:30:55.994196,116,641923690.jpg,both_correct,yolo11l,rfdetr-small,1,1,,,,yolo26m,0.144700,1221.069,430.135
2026-02-20T15:31:00.555094,117,641876540.jpg,both_correct,yolo26l,rtdetrv3-r101,1,1,,,,yolo26m,0.148450,676.141,3476.150
2026-02-20T15:31:04.425672,118,641858665.jpeg,both_correct,yolo26x,rfdetr-2xlarge,1,1,,,,yolo26m,0.147300,2842.883,1017.972
2026-02-20T15:31:05.614027,119,641899009.jpg,right,yolo26n,yolo11s,0,1,yes,yolo11s,yolo11n,yolo26m,0.143450,115.121,545.962
2026-02-20T15:31:07.394633,120,641833014.jpg,both_wrong,rfdetr-medium,yolov10l,0,0,,,,yolo26m,0.146050,514.500,720.664
2026-02-20T15:31:09.796391,121,641854542.jpg,both_correct,yolov10x,rtdetrv2-x,1,1,,,,yolo26m,0.147400,998.956,2330.878
2026-02-20T15:31:12.074964,122,641923536.jpg,both_correct,rfdetr-2xlarge,rtdetrv3-r18,1,1,,,,yolo26m,0.147000,966.276,1581.340
2026-02-20T15:31:13.773970,123,641856202.jpeg,both_correct,yolov10s,yolo26x,1,1,,,,yolo26m,0.150350,358.209,878.720
2026-02-20T15:31:19.791396,124,641899009.jpg,left,yolo11s,yolo11n,1,0,depth_limit,,,yolo26m,0.143650,169.970,93.279
2026-02-20T15:31:22.787954,125,641878278.jpg,left,yolo26x,rtdetrv3-r101,1,0,yes,rtdetrv2-l,yolo26x,yolo26m,0.150200,544.809,2185.327
2026-02-20T15:31:24.258482,126,641923766.jpeg,right,rtdetrv3-r101,rfdetr-2xlarge,0,1,yes,rfdetr-2xlarge,rfdetr-medium,yolo26m,0.141750,2138.421,1132.273
2026-02-20T15:31:25.702445,127,641883945.jpg,both_correct,rfdetr-nano,yolo11m,1,1,,,,yolo26m,0.140750,169.359,647.028
2026-02-20T15:31:26.715090,128,641895785.jpeg,both_correct,yolo26m,yolo26n,1,1,,,,yolo26m,0.141300,460.515,108.716
2026-02-20T15:31:28.850450,129,641878242.jpg,both_correct,rtdetrv3-r50,rtdetrv3-r18,1,1,,,,yolo26m,0.144400,2592.891,1315.382
2026-02-20T15:31:31.521902,130,641878278.jpg,both_correct,rtdetrv2-l,yolo26x,1,1,,,,yolo26m,0.141950,1319.859,654.911
2026-02-20T15:31:32.718403,131,641923766.jpeg,both_correct,rfdetr-2xlarge,rfdetr-medium,1,1,,,,yolo26m,0.140800,1227.036,615.790
2026-02-20T15:31:33.545377,132,641914479.jpg,both_correct,rtdetr-l,yolo26x,1,1,,,,yolo26m,0.138950,1231.402,1027.531
2026-02-20T15:31:34.591964,133,641858662.jpeg,both_correct,rtdetrv3-r50,yolo26x,1,1,,,,yolo26m,0.143700,1167.187,953.020
2026-02-20T15:31:36.706779,134,641884465.jpeg,both_correct,yolov10x,yolo11m,1,1,,,,yolo26m,0.138550,851.549,427.662
2026-02-20T15:31:37.419254,135,641883261.jpg,both_correct,rtdetrv2-x,rfdetr-medium,1,1,,,,yolo26m,0.144800,2254.738,417.453
2026-02-20T15:31:38.109906,136,641895181.jpg,both_correct,yolo11s,yolov10n,1,1,,,,yolo26m,0.139300,189.508,128.987
2026-02-20T15:31:41.151514,137,641873596.jpg,both_correct,rtdetrv3-r101,yolo26x,1,1,,,,yolo26m,0.141850,2088.879,938.573
2026-02-20T15:31:44.910665,138,641863233.jpg,both_wrong,rtdetrv2-x,yolov10n,0,0,,,,yolo26m,0.145450,2026.664,130.959
2026-02-20T15:31:47.864607,139,641849196.jpg,left,rtdetrv2-l,rfdetr-nano,1,0,yes,rtdetrv2-l,yolo26m,yolo26m,0.151150,1107.414,133.860
2026-02-20T15:31:48.752145,140,641883739.jpg,both_correct,yolo11s,rtdetrv2-x,1,1,,,,yolo26m,0.156550,188.838,1966.927
2026-02-20T15:31:49.652284,141,641867040.jpg,both_correct,yolo11x,yolov10n,1,1,,,,yolo26m,0.149400,2753.203,147.980
2026-02-20T15:31:51.447864,142,641834108.jpg,both_correct,yolov10x,rfdetr-small,1,1,,,,yolo26m,0.151550,1643.369,282.263
2026-02-20T15:32:06.685068,143,641869830.jpeg,left,yolo11m,rtdetr-x,1,0,yes,yolo11m,yolov10x,yolo26m,0.141000,444.506,5127.207
2026-02-20T15:32:12.299088,144,641849196.jpg,both_correct,rtdetrv2-l,yolo26m,1,1,,,,yolo26m,0.142350,1312.173,491.181
2026-02-20T15:32:13.216128,145,641897747.jpg,both_correct,rtdetr-l,rtdetrv2-x,1,1,,,,yolo26m,0.143500,1024.041,1987.774
2026-02-20T15:32:14.458860,146,641870480.jpg,both_correct,rfdetr-medium,rtdetrv2-l,1,1,,,,yolo26m,0.146350,413.933,1192.936
2026-02-20T15:32:15.688048,147,641854547.jpg,both_correct,rtdetrv2-l,rfdetr-2xlarge,1,1,,,,yolo26m,0.145500,1004.028,931.679
2026-02-20T15:32:49.098664,148,641869830.jpeg,left,yolo11m,yolov10x,1,0,depth_limit,,,yolo26m,0.141800,644.042,975.986
2026-02-20T15:32:57.948434,149,641869963.jpg,both_wrong,rtdetrv2-x,yolov10x,0,0,,,,yolo26m,0.146150,2256.346,1078.302
2026-02-20T15:33:00.211580,150,641923740.jpg,both_correct,yolov10s,yolo26l,1,1,,,,yolo11m,0.142100,323.399,1218.609
2026-02-20T15:33:01.688073,151,641858655.jpeg,both_correct,yolov10s,yolov10l,1,1,,,,yolo26m,0.143200,351.360,1311.996
2026-02-20T15:33:03.134193,152,641858660.jpeg,both_correct,yolov10l,yolo26m,1,1,,,,yolo11m,0.143550,711.050,475.000
2026-02-20T15:33:07.572505,153,641884776.jpg,left,rtdetrv2-x,rfdetr-medium,1,0,yes,yolo11x,rtdetrv2-x,yolo11m,0.139100,2147.911,372.930
2026-02-20T15:33:09.440343,154,641858656.jpeg,both_correct,rfdetr-small,yolo11l,1,1,,,,yolo26m,0.143800,433.418,1182.258
2026-02-20T15:33:12.484868,155,641877459.jpeg,both_correct,yolo26l,rtdetrv3-r18,1,1,,,,yolo26m,0.144800,620.444,2145.559
2026-02-20T15:33:13.808921,156,641869775.jpeg,both_correct,yolo11l,yolov10s,1,1,,,,yolo11m,0.145600,632.405,247.461
2026-02-20T15:33:14.770614,157,641885783.jpeg,both_correct,yolo11l,yolov10n,1,1,,,,yolo26m,0.145350,533.667,160.736
2026-02-20T15:33:15.878408,158,641884776.jpg,both_correct,yolo11x,rtdetrv2-x,1,1,,,,yolo11m,0.146500,1023.685,1959.434
2026-02-20T15:33:21.938332,159,641896091.jpg,left,rtdetrv2-x,dino15-proxy,1,0,yes,rtdetrv2-x,yolo26m,yolo11m,0.144000,1979.444,0.000
2026-02-20T15:33:25.723867,160,641895788.jpeg,left,yolo26n,rfdetr-small,1,0,yes,yolo26s,yolo26n,yolo11m,0.156050,217.011,307.035
2026-02-20T15:33:27.027980,161,641854538.jpg,both_correct,yolo26s,yolov10n,1,1,,,,yolo26m,0.156050,651.329,251.843
2026-02-20T15:33:32.896764,162,641917482.jpg,right,yolo11s,yolo11n,0,1,yes,yolo11n,rfdetr-2xlarge,yolo26m,0.159600,241.481,126.751
2026-02-20T15:33:37.457467,163,641910531.jpeg,left,yolov10l,yolo26l,1,0,yes,yolov10l,rfdetr-medium,yolo26m,0.153000,785.004,542.792
2026-02-20T15:33:40.874938,164,641896091.jpg,right,rtdetrv2-x,yolo26m,0,1,depth_limit,,,yolo26m,0.174500,2448.966,591.978
2026-02-20T15:33:53.533877,165,641895788.jpeg,right,yolo26s,yolo26n,0,1,depth_limit,,,yolo26m,0.175400,285.405,189.003
2026-02-20T15:34:06.111136,166,641866088.jpeg,right,yolo26s,rfdetr-small,0,1,yes,rtdetrv2-l,rfdetr-small,yolo26m,0.174550,196.159,219.538
2026-02-20T15:34:13.662432,167,641917482.jpg,right,yolo11n,rfdetr-2xlarge,0,1,depth_limit,,,yolo26m,0.171000,140.774,1108.957
2026-02-20T15:34:15.969563,168,641910531.jpeg,left,yolov10l,rfdetr-medium,1,0,depth_limit,,,yolo26m,0.167200,655.946,351.466
2026-02-20T15:34:22.037584,169,641859707.jpg,both_wrong,yolo11m,rtdetr-l,0,0,,,,yolo26m,0.163150,443.922,1121.750
2026-02-20T15:34:27.174216,170,641895478.png,left,rtdetrv3-r50,yolo11l,1,0,yes,rtdetrv3-r50,dino15-proxy,yolo26m,0.171050,1659.352,542.647
2026-02-20T15:34:28.990665,171,641866088.jpeg,left,rtdetrv2-l,rfdetr-small,1,0,depth_limit,,,yolo26m,0.174400,1415.229,175.861
2026-02-20T15:34:31.218011,172,641848585.jpg,both_wrong,rtdetrv2-x,yolo11n,0,0,,,,yolo26m,0.175800,2302.795,142.023
2026-02-20T15:34:32.649392,173,641858663.jpeg,both_correct,yolov10m,rtdetr-x,1,1,,,,yolo26m,0.171800,758.531,3886.828
2026-02-20T15:34:43.541444,174,641873324.jpg,right,rfdetr-small,rtdetrv3-r101,0,1,yes,rtdetr-l,rtdetrv3-r101,yolo26m,0.172200,343.310,3038.941
2026-02-20T15:34:44.705876,175,641895478.png,left,rtdetrv3-r50,dino15-proxy,1,0,depth_limit,,,yolo26m,0.175100,1254.433,0.000
2026-02-20T15:34:45.721346,176,641866438.jpeg,left,yolov10x,yolo26m,1,0,yes,rtdetrv3-r18,yolov10x,rtdetrv2-l,0.165850,2007.509,551.171
2026-02-20T15:34:47.441922,177,641848647.jpg,both_correct,yolo26x,yolo11s,1,1,,,,rfdetr-2xlarge,0.170250,1831.858,306.927
2026-02-20T15:34:48.225956,178,641875338.jpeg,both_correct,yolov10x,rtdetrv2-l,1,1,,,,rfdetr-2xlarge,0.171800,975.095,1124.582
2026-02-20T15:34:49.507461,179,641873324.jpg,both_correct,rtdetr-l,rtdetrv3-r101,1,1,,,,rfdetr-2xlarge,0.166800,1160.537,2186.019
2026-02-20T15:34:50.604111,180,641854544.jpg,both_correct,yolo26m,rfdetr-medium,1,1,,,,rfdetr-2xlarge,0.168550,498.726,552.679
2026-02-20T15:34:52.196285,181,641866438.jpeg,right,rtdetrv3-r18,yolov10x,0,1,depth_limit,,,rfdetr-2xlarge,0.182050,1799.056,1055.932
2026-02-20T15:34:55.054889,182,641894518.jpg,both_correct,rtdetrv3-r101,yolov10x,1,1,,,,rfdetr-2xlarge,0.181150,2122.701,622.086
2026-02-20T15:34:56.566853,183,641879134.jpg,left,yolo11n,rtdetrv3-r101,1,0,yes,yolo11n,rtdetrv2-l,rtdetrv2-l,0.183200,109.522,1884.193
2026-02-20T15:35:00.614542,184,641840317.jpeg,both_correct,rtdetr-l,rtdetrv2-l,1,1,,,,yolo11m,0.184450,1036.949,1047.164
2026-02-20T15:35:01.375685,185,641863195.jpg,both_correct,yolo26x,rfdetr-2xlarge,1,1,,,,yolo11m,0.180300,1068.382,971.270
2026-02-20T15:35:01.962624,186,641870190.jpeg,both_correct,yolo11s,rfdetr-nano,1,1,,,,rtdetrv2-l,0.180300,166.602,165.461
2026-02-20T15:35:02.611397,187,641873139.jpg,both_correct,yolo26x,rfdetr-nano,1,1,,,,yolo11m,0.182150,938.505,152.226
2026-02-20T15:35:03.130751,188,641879134.jpg,both_correct,yolo11n,rtdetrv2-l,1,1,,,,yolo11m,0.183650,183.919,1185.386
2026-02-20T15:35:05.646868,189,641854103.jpg,left,yolo11m,yolov10l,1,0,yes,yolo11m,rtdetrv3-r18,yolo11m,0.232700,455.847,691.069
2026-02-20T15:35:08.771750,190,641876061.jpg,both_correct,yolo11n,yolo11l,1,1,,,,yolo11m,0.231000,160.792,650.377
2026-02-20T15:35:10.031223,191,641923535.jpg,right,rtdetrv2-x,yolo11m,0,1,yes,yolov10x,yolo11m,yolo11m,0.261550,2163.255,399.507
2026-02-20T15:35:10.868217,192,641923759.jpeg,both_correct,yolo11m,rfdetr-medium,1,1,,,,yolo11m,0.265850,505.060,421.894
2026-02-20T15:35:14.749789,193,641870188.jpeg,left,rfdetr-small,rtdetrv3-r101,1,0,yes,yolov10l,rfdetr-small,yolo11m,0.265050,163.567,2053.614
2026-02-20T15:35:15.902926,194,641854103.jpg,both_correct,yolo11m,rtdetrv3-r18,1,1,,,,yolo11m,0.264100,423.678,1332.062
2026-02-20T15:35:22.678584,195,641923743.jpg,right,yolov10m,yolo26x,0,1,yes,yolo26x,rtdetrv3-r18,yolo11m,0.294500,474.955,825.024
2026-02-20T15:35:27.903892,196,641923535.jpg,both_correct,yolov10x,yolo11m,1,1,,,,yolo11m,0.297350,750.346,349.187
2026-02-20T15:35:34.439336,197,641855327.jpg,both_wrong,rtdetr-x,yolov10n,0,0,,,,yolo11m,0.301600,2118.137,161.642
2026-02-20T15:35:35.976636,198,641870188.jpeg,both_correct,yolov10l,rfdetr-small,1,1,,,,yolo11m,0.297750,682.816,170.721
2026-02-20T15:35:36.715760,199,641899152.jpg,both_correct,rtdetr-l,yolo11m,1,1,,,,yolo11m,0.298650,1093.292,342.382
2026-02-20T15:35:38.232256,200,641923743.jpg,right,yolo26x,rtdetrv3-r18,0,1,depth_limit,,,yolo11m,0.302900,936.267,1095.192
2026-02-20T15:35:38.980307,201,641870189.jpeg,both_correct,rtdetrv3-r18,yolov10m,1,1,,,,yolo11m,0.305950,986.004,379.002
2026-02-20T15:35:41.360837,202,641923702.jpg,right,rfdetr-small,yolov10l,0,1,yes,yolov10l,dino15-proxy,yolo11m,0.303650,225.307,718.774
2026-02-20T15:35:43.092576,203,641855433.jpeg,both_correct,yolo11s,yolo11x,1,1,,,,yolo11m,0.298350,298.660,2464.097
2026-02-20T15:35:44.072450,204,641831511.jpg,both_correct,yolo11l,yolo11s,1,1,,,,yolo11m,0.299500,510.996,241.511
2026-02-20T15:35:44.813928,205,641865881.jpg,both_correct,yolo11s,yolov10m,1,1,,,,yolo11m,0.290850,250.075,502.841
2026-02-20T15:35:46.137678,206,641895891.jpg,left,rfdetr-small,dino15-proxy,1,0,yes,yolo11l,rfdetr-small,yolo11m,0.301150,152.527,0.000
2026-02-20T15:35:54.285599,207,641923702.jpg,left,yolov10l,dino15-proxy,1,0,depth_limit,,,yolo11m,0.292150,623.493,0.000
2026-02-20T15:35:57.729644,208,641878275.jpg,both_wrong,rtdetr-x,rtdetrv3-r18,0,0,,,,yolo11m,0.293700,2413.228,1214.476
2026-02-20T15:36:10.231492,209,641859247.jpeg,left,yolo11m,rfdetr-nano,1,0,yes,yolo11l,yolo11m,yolo11m,0.329850,393.908,147.224
2026-02-20T15:36:12.023140,210,641877799.jpeg,left,yolo26m,rtdetrv3-r101,1,0,yes,yolo26m,yolo26s,yolo11m,0.326200,643.579,2180.289
2026-02-20T15:36:13.198156,211,641895891.jpg,both_correct,yolo11l,rfdetr-small,1,1,,,,yolo11m,0.328100,538.772,157.210
